id,given_name,family_name,party,party_id,source,name,constituency,email,homepage,image,memberships,term
dfalah,Alex,Ahrendtsen,The Danish People's Party,43EDF0DA-E8FB-44A6-8482-B5B2047234CB,http://www.thedanishparliament.dk/Members/dfalah.aspx,Alex Ahrendtsen,Funen,dfalah@ft.dk,http://www.aahr.dk,http://www.thedanishparliament.dk/Members/~/media/CV/Foto/20111/DF/Alex_Ahrendtsen/Alex_AhrendtsenX133.jpg.ashx,Member of Parliament for the Danish People's Party in Funen greater constituency from September 15th 2011.+++Candidate for the Danish People's Party in Odense South nomination district  from 2007.+++Candidate for the Danish People's Party in Svendborg nomination district  from 2001 to 2007.,2015
dfbenb,Bent,Bøgsted,The Danish People's Party,43EDF0DA-E8FB-44A6-8482-B5B2047234CB,http://www.thedanishparliament.dk/Members/dfbenb.aspx,Bent Bøgsted,North Jutland,dfbenb@ft.dk,"",http://www.thedanishparliament.dk/Members/~/media/CV/Foto/2015/DF/Bent%20Bogsted/Bent_Bogsted_133.jpg.ashx,Member of Parliament for the Danish People's Party in North Jutland greater constituency from November 13th 2007.+++Member of Parliament for the Danish People's Party in North Jutland County constituency  from November 20th 2001 to November 13th 2007.+++Candidate for the Danish People's Party in Frederikshavn nomination district  from 2010.+++Candidate for the Danish People's Party in Brønderslev nomination district  from 2007 to 2010.+++Candidate for the Danish People's Party in Fjerritslev nomination district  from 2004 to 2007.+++Candidate for the Danish People's Party in Aalborg East nomination district  from 2004 to 2007.+++Candidate for the Danish People's Party in Hobro nomination district  from 2001 to 2004.,2015
dfckha,Claus Kvist,Hansen,The Danish People's Party,43EDF0DA-E8FB-44A6-8482-B5B2047234CB,http://www.thedanishparliament.dk/Members/dfckha.aspx,Claus Kvist Hansen,East Jutland,claus.kvist.hansen@ft.dk,http://www.clauskvist.dk,http://www.thedanishparliament.dk/Members/~/media/CV/Foto/2015/DF/Claus%20Kvist%20Hansen/Claus_Kvist_Hansen_133.jpg.ashx,Member of Parliament for the Danish People's Party in East Jutland greater constituency from June 18th 2015.+++Candidate for the Danish People's Party in Randers South nomination district  from 2014.+++Candidate for the Danish People's Party in Randers South nomination district  from 2010 to 2011.,2015
dfdefl,Dennis,Flydtkjær,The Danish People's Party,43EDF0DA-E8FB-44A6-8482-B5B2047234CB,http://www.thedanishparliament.dk/Members/dfdefl.aspx,Dennis Flydtkjær,Western Jutland,dennis.flydtkjaer@ft.dk,"",http://www.thedanishparliament.dk/Members/~/media/CV/Foto/2015/DF/Dennis%20Flydtkjaer/Dennis_Flydtkjaer_133.jpg.ashx,Member of Parliament for the Danish People's Party in Western Jutland greater constituency from September 15th 2011.+++Temporary Member of Parliament for the Danish People's Party in Western Jutland greater constituency  from November 20th 2008 to January 31st 2010 (substitute for Christian H. Hansen).+++Temporary Member of Parliament for the Danish People's Party in Ringkøbing County constituency  from May 23rd 2006 to June 2nd 2006 (substitute for Christian H. Hansen).+++Candidate for the Danish People's Party in Ringkøbing nomination district  from 2010.+++Candidate for the Danish People's Party in Silkeborg South nomination district  from 2007 to 2010.+++Candidate for the Danish People's Party in Ringkøbing nomination district  from 2004 to 2007.,2015
dfhebr,Henrik,Brodersen,The Danish People's Party,43EDF0DA-E8FB-44A6-8482-B5B2047234CB,http://www.thedanishparliament.dk/Members/dfhebr.aspx,Henrik Brodersen,Zealand,henrik.brodersen@ft.dk,http://www.brodersen-df.dk,http://www.thedanishparliament.dk/Members/~/media/CV/Foto/2015/DF/Henrik%20Brodersen/Henrik_Brodersen_133.jpg.ashx,Member of Parliament for the Danish People's Party in Zealand greater constituency from June 18th 2015.+++Member of Parliament for the Danish People's Party in Zealand greater constituency  from November 13th 2007 to September 15th 2011.+++Temporary Member of Parliament for the Danish People's Party in West Zealand County constituency  from March 13th 2007 to May 28th 2007.+++Temporary Member of Parliament for the Danish People's Party in West Zealand County constituency  from October 27th 2005 to November 4th 2005.+++Temporary Member of Parliament for the Danish People's Party in West Zealand County constituency  from March 1st 2005 to June 16th 2005.+++Candidate for the Danish People's Party in Fakse nomination district  from 2013.+++Candidate for the Danish People's Party in Lolland nomination district  from 2010 to 2013.+++Candidate for the Danish People's Party in Holbæk nomination district  from 2004 to 2006.+++Candidate for the Danish People's Party in Roskilde nomination district  2007.,2015
dfjarc,Jan Rytkjær,Callesen,The Danish People's Party,43EDF0DA-E8FB-44A6-8482-B5B2047234CB,http://www.thedanishparliament.dk/Members/dfjarc.aspx,Jan Rytkjær Callesen,South Jutland,jan.callesen@ft.dk,"",http://www.thedanishparliament.dk/Members/~/media/CV/Foto/2015/DF/Jan%20Rytkjaer%20Callesen/Jan_Rytkjaer_Callesen_133.jpg.ashx,Member of Parliament for the Danish People's Party in South Jutland greater constituency from June 18th 2015.+++Candidate for the Danish People's Party in Sønderborg nomination district  from 2014.,2015
dfjeht,Jens Henrik Thulesen,Dahl,The Danish People's Party,43EDF0DA-E8FB-44A6-8482-B5B2047234CB,http://www.thedanishparliament.dk/Members/dfjeht.aspx,Jens Henrik Thulesen Dahl,Funen,dfjeht@ft.dk,"",http://www.thedanishparliament.dk/Members/~/media/CV/Foto/2015/DF/Jens%20Henrik%20Thulsesen%20Dahl/Jens_Henrik_Thulesen_Dahl_133.jpg.ashx,Member of Parliament for the Danish People's Party in Funen greater constituency from September 15th 2011.+++Candidate for the Danish People's Party in Assens nomination district  from 2010.,2015
dfjeja,Jeppe,Jakobsen,The Danish People's Party,43EDF0DA-E8FB-44A6-8482-B5B2047234CB,http://www.thedanishparliament.dk/Members/dfjeja.aspx,Jeppe Jakobsen,Zealand,jeppe.jakobsen@ft.dk,http://www.jeppe-jakobsen.dk,http://www.thedanishparliament.dk/Members/~/media/CV/Foto/2015/DF/Jeppe%20Jakobsen/Jeppe_Jakobsen_133.jpg.ashx,Member of Parliament for the Danish People's Party in Zealand greater constituency from June 18th 2015.+++Candidate for the Danish People's Party in Holbæk nomination district  from 2013.+++Candidate for the Danish People's Party in Slagelse nomination district  from 2009 to 2013.+++Candidate for the Danish People's Party in Holbæk nomination district  from 2007 to 2009.,2015
dfkaad,Karina,Adsbøl,The Danish People's Party,43EDF0DA-E8FB-44A6-8482-B5B2047234CB,http://www.thedanishparliament.dk/Members/dfkaad.aspx,Karina Adsbøl,South Jutland,karina.adsbol@ft.dk,"",http://www.thedanishparliament.dk/Members/~/media/CV/Foto/20111/DF/Karina_Adsboel/Karina_Adsboelx133.jpg.ashx,Member of Parliament for the Danish People's Party in South Jutland greater constituency from September 15th 2011.+++Candidate for the Danish People's Party in Kolding South nomination district  from 2013.+++Candidate for the Danish People's Party in Kolding North nomination district  from 2010 to 2013.,2015
dfkadu,Karina,Due,The Danish People's Party,43EDF0DA-E8FB-44A6-8482-B5B2047234CB,http://www.thedanishparliament.dk/Members/dfkadu.aspx,Karina Due,Western Jutland,karina.due@ft.dk,"",http://www.thedanishparliament.dk/Members/~/media/CV/Foto/2015/DF/Karina%20Due/Karina_Due_133.jpg.ashx,Member of Parliament for the Danish People's Party in Western Jutland greater constituency from June 18th 2015.+++Candidate for the Danish People's Party in Silkeborg North nomination district  from 2011.,2015
dfkekr,Kenneth Kristensen,Berth,The Danish People's Party,43EDF0DA-E8FB-44A6-8482-B5B2047234CB,http://www.thedanishparliament.dk/Members/dfkekr.aspx,Kenneth Kristensen Berth,Greater Copenhagen,kenneth.kristensen.berth@ft.dk,"",http://www.thedanishparliament.dk/Members/~/media/CV/Foto/2015/DF/Kenneth%20Kristensen%20Berth/Kenneth_Kristensen_Berth_133.jpg.ashx,Member of Parliament for the Danish People's Party in Greater Copenhagen greater constituency from June 18th 2015.+++Temporary Member of Parliament for the Danish People's Party in Greater Copenhagen greater constituency  from October 22nd 2014 to November 7th 2014 (substitute for Søren Espersen).+++Temporary Member of Parliament for the Danish People's Party in Greater Copenhagen greater constituency  from February 22nd 2011 to March 6th 2011 (substitute for Søren Espersen).+++Candidate for the Danish People's Party in Taastrup nomination district  from 2010.+++Candidate for the Danish People's Party in Brøndby nomination district  from 2006 to 2010.+++Candidate for the Danish People's Party in Ballerup nomination district  from 2004 to 2006.+++Candidate for the Danish People's Party in Skanderborg nomination district  2001.+++Candidate for the Danish People's Party in Århus South nomination district  1998.,2015
dfkich,Kim,Christiansen,The Danish People's Party,43EDF0DA-E8FB-44A6-8482-B5B2047234CB,http://www.thedanishparliament.dk/Members/dfkich.aspx,Kim Christiansen,East Jutland,kim.christiansen@ft.dk,"",http://www.thedanishparliament.dk/Members/~/media/CV/Foto/2015/DF/Kim%20Christiansen/Kim_Christiansen_133.jpg.ashx,Member of Parliament for the Danish People's Party in East Jutland greater constituency from November 13th 2007.+++Member of Parliament for the Danish People's Party in Århus County constituency  from February 8th 2005 to November 13th 2007.+++Candidate for the Danish People's Party in Djurs nomination district  from 2010.+++Candidate for the Danish People's Party in Skanderborg nomination district  from 2007 to 2010.+++Candidate for the Danish People's Party in Grenaa nomination district  from 2004 to 2006.+++Candidate for the Danish People's Party in Hammel nomination district  from 1999 to 2004.,2015
dfkrtd,Kristian Thulesen,Dahl,The Danish People's Party,43EDF0DA-E8FB-44A6-8482-B5B2047234CB,http://www.thedanishparliament.dk/Members/dfkrtd.aspx,Kristian Thulesen Dahl,South Jutland,dfanbf@ft.dk,"",http://www.thedanishparliament.dk/Members/~/media/CV/Foto/20111/DF/Kristian_Thulesen_Dahl/Kristian_Thulesen_Dahlx133.jpg.ashx,Member of Parliament for the Danish People's Party in South Jutland greater constituency from September 15th 2011.+++Member of Parliament for the Danish People's Party in Funen greater constituency  from November 13th 2007 to September 15th 2011.+++Member of Parliament for the Danish People's Party in Funen County constituency  from March 11th 1998 to November 13th 2007.+++Member of Parliament for the Danish People's Party in Vejle County constituency  from October 6th 1995 to March 11th 1998.+++Member of Parliament for The Progress Party in Vejle County constituency  from September 21st 1994 to October 6th 1995.+++Temporary Member of Parliament for  in Vejle County constituency  from October 7th 1993 to October 24th 1993.+++Candidate for the Danish People's Party in Vejle North nomination district  from 2011.+++Candidate for the Danish People's Party in Middelfart nomination district  from 1995 to 2010.+++Candidate for the Danish People's Party in Odense West nomination district  from 1995 to 1998.+++Candidate for the Danish People's Party in Odense South nomination district  from 1995 to 1998.+++Candidate for The Progress Party in Give nomination district  from 1989 to 1995.+++Candidate for The Progress Party in Horsens nomination district  from 1989 to 1991.,2015
dflibe,Lise,Bech,The Danish People's Party,43EDF0DA-E8FB-44A6-8482-B5B2047234CB,http://www.thedanishparliament.dk/Members/dflibe.aspx,Lise Bech,North Jutland,lise.bech@ft.dk,http://www.lisebech.dk,http://www.thedanishparliament.dk/Members/~/media/CV/Foto/2015/DF/Lise%20Bech/Lise_Bech_133.jpg.ashx,Member of Parliament for the Danish People's Party in North Jutland greater constituency from June 18th 2015.+++Candidate for the Danish People's Party in Thisted nomination district  from 2014.,2015
dflibl,Liselott,Blixt,The Danish People's Party,43EDF0DA-E8FB-44A6-8482-B5B2047234CB,http://www.thedanishparliament.dk/Members/dflibl.aspx,Liselott Blixt,Zealand,liselott.blixt@ft.dk,http://liselottblixt.dk,http://www.thedanishparliament.dk/Members/~/media/CV/Foto/2015/DF/Liselott%20Blixt/Liselotte_Blixt_133.jpg.ashx,Member of Parliament for the Danish People's Party in Zealand greater constituency from November 13th 2007.+++Candidate for the Danish People's Party in Køge nomination district  from 2012.+++Candidate for the Danish People's Party in Greve nomination district  from 2011 to 2012.+++Candidate for the Danish People's Party in Fakse nomination district  from 2007 to 2010.,2015
dfmabh,Marlene,Harpsøe,The Danish People's Party,43EDF0DA-E8FB-44A6-8482-B5B2047234CB,http://www.thedanishparliament.dk/Members/dfmabh.aspx,Marlene Harpsøe,North Zealand,marlene.harpsoe@ft.dk,http://www.stemmarlene.dk,http://www.thedanishparliament.dk/Members/~/media/CV/Foto/2015/DF/Marlene%20Harpsoe/Marlene_Harpsoe_133.jpg.ashx,Member of Parliament for the Danish People's Party in North Zealand greater constituency from June 18th 2015.+++Member of Parliament for the Danish People's Party in North Zealand greater constituency  from November 13th 2007 to September 15th 2011.+++Candidate for the Danish People's Party in Hillerød nomination district  from 2010.+++Candidate for the Danish People's Party in Helsingør nomination district  from 2007 to 2010.,2015
dfmahr,Martin,Henriksen,The Danish People's Party,43EDF0DA-E8FB-44A6-8482-B5B2047234CB,http://www.thedanishparliament.dk/Members/dfmahr.aspx,Martin Henriksen,Copenhagen,martin.henriksen@ft.dk,http://www.martinhenriksen.dk,http://www.thedanishparliament.dk/Members/~/media/CV/Foto/20111/DF/Martin_Henriksen/Martin_Henriksenx133.jpg.ashx,Member of Parliament for the Danish People's Party in Copenhagen greater constituency from November 13th 2007.+++Member of Parliament for the Danish People's Party in Western Copenhagen constituency  from February 8th 2005 to November 13th 2007.+++Candidate for the Danish People's Party in Nørrebro nomination district  from 2007 to 2011.+++Candidate for the Danish People's Party in Tårnby nomination district  from 2007.+++Candidate for the Danish People's Party in Valby nomination district  from 2005 to 2006.,2015
dfmehd,Mette Hjermind,Dencker,The Danish People's Party,43EDF0DA-E8FB-44A6-8482-B5B2047234CB,http://www.thedanishparliament.dk/Members/dfmehd.aspx,Mette Hjermind Dencker,East Jutland,mette.dencker@ft.dk,"",http://www.thedanishparliament.dk/Members/~/media/CV/Foto/2015/DF/Mette%20Hjermind%20Dencker/Mette_Hjermind_Dencker_133.jpg.ashx,Member of Parliament for the Danish People's Party in East Jutland greater constituency from September 15th 2011.+++Candidate for the Danish People's Party in Skanderborg nomination district  from 2010.,2015
dfmikd,Mikkel,Dencker,The Danish People's Party,43EDF0DA-E8FB-44A6-8482-B5B2047234CB,http://www.thedanishparliament.dk/Members/dfmikd.aspx,Mikkel Dencker,Greater Copenhagen,mikkel.dencker@ft.dk,"",http://www.thedanishparliament.dk/Members/~/media/CV/Foto/20111/DF/Mikkel_Dencker/Mikkel_Denckerx133.jpg.ashx,Member of Parliament for the Danish People's Party in Greater Copenhagen greater constituency from November 13th 2007.+++Member of Parliament for the Danish People's Party in Copenhagen County constituency  from November 20th 2001 to November 13th 2007.+++Candidate for the Danish People's Party in Hvidovre nomination district  from 2014.+++Candidate for the Danish People's Party in Rødovre nomination district  from 2007 to 2014.+++Candidate for the Danish People's Party in Amager nomination district  from 2004 to 2006.+++Candidate for the Danish People's Party in Gladsaxe nomination district  from 2000 to 2004.,2015
dfpebe,Pernille,Bendixen,The Danish People's Party,43EDF0DA-E8FB-44A6-8482-B5B2047234CB,http://www.thedanishparliament.dk/Members/dfpebe.aspx,Pernille Bendixen,Funen,pernille.bendixen@ft.dk,"",http://www.thedanishparliament.dk/Members/~/media/CV/Foto/2015/DF/Pernille%20Bendixen/Pernille_Bendixen_133.jpg.ashx,Member of Parliament for the Danish People's Party in Funen greater constituency from June 18th 2015.+++Candidate for the Danish People's Party in Odense West nomination district  from 2015.,2015
dfpiad,Pia,Adelsteen,The Danish People's Party,43EDF0DA-E8FB-44A6-8482-B5B2047234CB,http://www.thedanishparliament.dk/Members/dfpiad.aspx,Pia Adelsteen,North Zealand,pia.adelsteen@ft.dk,"",http://www.thedanishparliament.dk/Members/~/media/CV/Foto/2015/DF/Pia%20Adelsteen/Pia_Adelsteen_133.jpg.ashx,Member of Parliament for the Danish People's Party in North Zealand greater constituency from November 13th 2007.+++Candidate for the Danish People's Party in Egedal nomination district  from 2007.,2015
dfrech,René,Christensen,The Danish People's Party,43EDF0DA-E8FB-44A6-8482-B5B2047234CB,http://www.thedanishparliament.dk/Members/dfrech.aspx,René Christensen,Zealand,rene.christensen@ft.dk,http://www.danskfolkeparti.dk/rene_christensen,http://www.thedanishparliament.dk/Members/~/media/CV/Foto/2015/DF/Rene%20Christensen/Rene_Christensen_133.jpg.ashx,Member of Parliament for the Danish People's Party in Zealand greater constituency from October 9th 2008.+++Temporary Member of Parliament for the Danish People's Party in Zealand greater constituency  from January 10th 2008 to October 8th 2008.+++Candidate for the Danish People's Party in Guldborgsund nomination district  from 2008.+++Candidate for the Danish People's Party in Vordingborg nomination district  from 2005 to 2008.,2015
dfsesp,Søren,Espersen,The Danish People's Party,43EDF0DA-E8FB-44A6-8482-B5B2047234CB,http://www.thedanishparliament.dk/Members/dfsesp.aspx,Søren Espersen,Zealand,dfsesp@ft.dk,http://www.sorenespersen.dk,http://www.thedanishparliament.dk/Members/~/media/CV/Foto/20111/DF/Soeren_Espersen/Soeren_Espersenx133.jpg.ashx,Member of Parliament for the Danish People's Party in Zealand greater constituency from June 18th 2015.+++Member of Parliament for the Danish People's Party in Greater Copenhagen greater constituency  from November 13th 2007 to June 18th 2015.+++Member of Parliament for the Danish People's Party in Copenhagen County constituency  from February 8th 2005 to November 13th 2007.+++Candidate for the Danish People's Party in Kalundborg nomination district  from 2013.+++Candidate for the Danish People's Party in Ballerup nomination district  from 2007 to 2013.+++Candidate for the Danish People's Party in Hvidovre nomination district  from 2004 to 2006.+++Candidate for the Danish People's Party in Sundby nomination district  from 1997 to 2004.+++Candidate for The Progress Party in Præstø nomination district  from 1992 to 1995.,2015
dfsuei,Susanne,Eilersen,The Danish People's Party,43EDF0DA-E8FB-44A6-8482-B5B2047234CB,http://www.thedanishparliament.dk/Members/dfsuei.aspx,Susanne Eilersen,South Jutland,susanne.eilersen@ft.dk,"",http://www.thedanishparliament.dk/Members/~/media/CV/Foto/2015/DF/Susanne%20Eilersen/Susanne_Eilersen_133.jpg.ashx,Member of Parliament for the Danish People's Party in South Jutland greater constituency from June 18th 2015.+++Temporary Member of Parliament for the Danish People's Party in South Jutland greater constituency  from March 10th 2015 to May 27th 2015 (substitute for Anita Christensen).+++Candidate for the Danish People's Party in Esbjerg nomination district  from 2014.+++Candidate for the Danish People's Party in Kolding nomination district  from 2010 to 2014.,2015
dftibo,Tilde,Bork,The Danish People's Party,43EDF0DA-E8FB-44A6-8482-B5B2047234CB,http://www.thedanishparliament.dk/Members/dftibo.aspx,Tilde Bork,East Jutland,tilde.bork@ft.dk,http://www.tildebork.dk,http://www.thedanishparliament.dk/Members/~/media/CV/Foto/2015/DF/Tilde%20Bork/Tilde_Bork_133.jpg.ashx,Member of Parliament for the Danish People's Party in East Jutland greater constituency from June 18th 2015.+++Candidate for the Danish People's Party in Hedensted nomination district  from 2013.,2015
sanhl,Ane,Halsboe-Jørgensen,The Social Democratic Party,F9E65D32-6F2F-4762-A7D5-56DCD0FC9BAF,http://www.thedanishparliament.dk/Members/sanhl.aspx,Ane Halsboe-Jørgensen,North Jutland,ane.halsboe@ft.dk,http://www.anehalsboe.dk,http://www.thedanishparliament.dk/Members/~/media/CV/Foto/20111/S/Ane_Halsboe_Joergensen/Ane_Halsboe_Joergensenx133.jpg.ashx,Member of Parliament for the Social Democratic Party in North Jutland greater constituency from September 15th 2011.+++Candidate for the Social Democratic Party in Brønderslev nomination district  from 2008.,2015
sanli,Annette,Lind,The Social Democratic Party,F9E65D32-6F2F-4762-A7D5-56DCD0FC9BAF,http://www.thedanishparliament.dk/Members/sanli.aspx,Annette Lind,Western Jutland,annette.lind@ft.dk,http://www.annettelind.dk,http://www.thedanishparliament.dk/Members/~/media/CV/Foto/2015/S/Annette%20Lind/Annette_Lind_133.jpg.ashx,Member of Parliament for the Social Democratic Party in Western Jutland greater constituency from September 15th 2011.+++Candidate for the Social Democratic Party in Holstebro nomination district  from 2008.,2015
saskr,Astrid,Krag,The Social Democratic Party,F9E65D32-6F2F-4762-A7D5-56DCD0FC9BAF,http://www.thedanishparliament.dk/Members/saskr.aspx,Astrid Krag,Zealand,astrid.krag@ft.dk,"",http://www.thedanishparliament.dk/Members/~/media/CV/Foto/2015/S/Astrid%20Krag/Astrid_Krag_133.jpg.ashx,Member of Parliament for the Social Democratic Party in Zealand greater constituency from February 4th 2014.+++Member of Parliament for the Socialist People’s Party in Zealand greater constituency  from November 13th 2007 to February 3rd 2014.+++Temporary Member of Parliament for the Socialist People’s Party in Vejle County constituency  from October 24th 2006 to October 30th 2006 (substitute for Villy Søvndal).+++Candidate for the Social Democratic Party in Greve nomination district  from 2014.+++Candidate for the Socialist People’s Party in Roskilde nomination district  from 2007 to 2014.+++Candidate for the Socialist People’s Party in Vejle nomination district  from 2001 to 2006.,2015
sbeen,Benny,Engelbrecht,The Social Democratic Party,F9E65D32-6F2F-4762-A7D5-56DCD0FC9BAF,http://www.thedanishparliament.dk/Members/sbeen.aspx,Benny Engelbrecht,South Jutland,benny.engelbrecht@ft.dk,http://www.benny-engelbrecht.dk,http://www.thedanishparliament.dk/Members/~/media/CV/Foto/2015/S/Benny%20Engelbrecht/Benny_Engelbrecht_133.jpg.ashx,Member of Parliament for the Social Democratic Party in South Jutland greater constituency from November 13th 2007.+++Candidate for the Social Democratic Party in Sønderborg nomination district  from 2006.,2015
sbjal,Bjarne,Laustsen,The Social Democratic Party,F9E65D32-6F2F-4762-A7D5-56DCD0FC9BAF,http://www.thedanishparliament.dk/Members/sbjal.aspx,Bjarne Laustsen,North Jutland,bjarne.laustsen@ft.dk,http://www.bjarne-laustsen.dk/,http://www.thedanishparliament.dk/Members/~/media/CV/Foto/20111/S/Bjarne_Laustsen/Bjarne_Laustsenx133.jpg.ashx,Member of Parliament for the Social Democratic Party in North Jutland greater constituency from November 13th 2007.+++Member of Parliament for the Social Democratic Party in North Jutland County constituency  from March 11th 1998 to November 13th 2007.+++Member of Parliament for the Social Democratic Party in North Jutland County constituency  from November 11th 1992 to September 20th 1994.+++Candidate for the Social Democratic Party in Frederikshavn nomination district  from 1997.+++Candidate for the Social Democratic Party in Aars nomination district  from 1988 to 1991.,2015
schan,Christine,Antorini,The Social Democratic Party,F9E65D32-6F2F-4762-A7D5-56DCD0FC9BAF,http://www.thedanishparliament.dk/Members/schan.aspx,Christine Antorini,North Zealand,christine.antorini@ft.dk,"",http://www.thedanishparliament.dk/Members/~/media/CV/Foto/2015/S/Christine%20Antorini/Christine_Antorini_133.jpg.ashx,Member of Parliament for the Social Democratic Party in North Zealand greater constituency from September 15th 2011.+++Member of Parliament for the Social Democratic Party in Copenhagen greater constituency  from November 13th 2007 to September 15th 2011.+++Member of Parliament for the Social Democratic Party in Southern Copenhagen constituency  from February 8th 2005 to November 13th 2007.+++Member of Parliament for the Socialist People’s Party in Eastern Copenhagen constituency  from March 18th 1998 to November 30th 1999.+++Candidate for the Social Democratic Party in Hillerød nomination district  from 2010.+++Candidate for the Social Democratic Party in Inner city nomination district  from 2007 to 2009.+++Candidate for the Social Democratic Party in Rådhus nomination district  from 2004 to 2006.+++Candidate for the Socialist People’s Party in Brønshøj nomination district  from 1996 to 1999.+++Candidate for the Socialist People’s Party in Vesterbro nomination district  from 1992 to 1995.,2015
schrm,Christian Rabjerg,Madsen,The Social Democratic Party,F9E65D32-6F2F-4762-A7D5-56DCD0FC9BAF,http://www.thedanishparliament.dk/Members/schrm.aspx,Christian Rabjerg Madsen,South Jutland,christian.rabjerg.madsen@ft.dk,http://www.facebook.com/christian.rabjerg,http://www.thedanishparliament.dk/Members/~/media/CV/Foto/2015/S/Christian%20Rabjerg%20Madsen/Christian_Rabjerg_Madsen_133.jpg.ashx,Member of Parliament for the Social Democratic Party in South Jutland greater constituency from June 18th 2015.+++Candidate for the Social Democratic Party in Kolding nomination district  from 2011.,2015
sdanj,Dan,Jørgensen,The Social Democratic Party,F9E65D32-6F2F-4762-A7D5-56DCD0FC9BAF,http://www.thedanishparliament.dk/Members/sdanj.aspx,Dan Jørgensen,Funen,dan.jorgensen@ft.dk,"",http://www.thedanishparliament.dk/Members/~/media/CV/Foto/2015/S/Dan%20Jorgensen/Dan_Jorgensen_133.jpg.ashx,Member of Parliament for the Social Democratic Party in Funen greater constituency from June 18th 2015.+++Candidate for the Social Democratic Party in Middelfart nomination district  from 2011.,2015
sdatj,Daniel Toft,Jakobsen,The Social Democratic Party,F9E65D32-6F2F-4762-A7D5-56DCD0FC9BAF,http://www.thedanishparliament.dk/Members/sdatj.aspx,Daniel Toft Jakobsen,East Jutland,daniel.toft.jakobsen@ft.dk,http://www.danieltoftjakobsen.dk,http://www.thedanishparliament.dk/Members/~/media/CV/Foto/2015/S/Daniel%20Toft%20Jakobsen/Daniel_Toft_Jakobsen_133.jpg.ashx,Member of Parliament for the Social Democratic Party in East Jutland greater constituency from June 18th 2015.+++Temporary Member of Parliament for the Social Democratic Party in East Jutland greater constituency  from October 23rd 2012 to December 1st 2013 (substitute for Kirsten Brosbøl).+++Candidate for the Social Democratic Party in Favrskov nomination district  from 2014.+++Candidate for the Social Democratic Party in Hedensted nomination district  from 2010 to 2014.,2015
serch,Erik,Christensen,The Social Democratic Party,F9E65D32-6F2F-4762-A7D5-56DCD0FC9BAF,http://www.thedanishparliament.dk/Members/serch.aspx,Erik Christensen,Funen,erik.christensen@ft.dk,"",http://www.thedanishparliament.dk/Members/~/media/CV/Foto/2015/S/Erik%20Christensen/Erik_Christensen_133.jpg.ashx,Member of Parliament for the Social Democratic Party in Funen greater constituency from June 18th 2015.+++Candidate for the Social Democratic Party in Odense East nomination district  from 2014.,2015
sflmm,Flemming Møller,Mortensen,The Social Democratic Party,F9E65D32-6F2F-4762-A7D5-56DCD0FC9BAF,http://www.thedanishparliament.dk/Members/sflmm.aspx,Flemming Møller Mortensen,North Jutland,flemming.m.mortensen@ft.dk,http://www.flemming-moeller-mortensen.dk,http://www.thedanishparliament.dk/Members/~/media/CV/Foto/2015/S/Flemming%20Moller%20Mortensen/Flemming_Moller_Mortensen_133.jpg.ashx,Member of Parliament for the Social Democratic Party in North Jutland greater constituency from November 13th 2007.+++Candidate for the Social Democratic Party in Himmerland nomination district  from 2007.,2015
shekr,Henrik Dam,Kristensen,The Social Democratic Party,F9E65D32-6F2F-4762-A7D5-56DCD0FC9BAF,http://www.thedanishparliament.dk/Members/shekr.aspx,Henrik Dam Kristensen,East Jutland,henrik.kristensen@ft.dk,"",http://www.thedanishparliament.dk/Members/~/media/CV/Foto/2015/S/Henrik%20Dam%20Kristensen/Henrik_Dam_Kristensen_133.jpg.ashx,Member of Parliament for the Social Democratic Party in East Jutland greater constituency from November 13th 2007.+++Member of Parliament for the Social Democratic Party in Ribe County constituency  from December 12th 1990 to July 7th 2004.+++Candidate for the Social Democratic Party in Horsens nomination district  from 2005.+++Candidate for the Social Democratic Party in Grindsted nomination district  from 1984 to 2004.,2015
shesl,Henrik Sass,Larsen,The Social Democratic Party,F9E65D32-6F2F-4762-A7D5-56DCD0FC9BAF,http://www.thedanishparliament.dk/Members/shesl.aspx,Henrik Sass Larsen,Zealand,henrik.sass.larsen@ft.dk,"",http://www.thedanishparliament.dk/Members/~/media/CV/Foto/2015/S/Henrik%20Sass%20Larsen/Henrik_Sass_Larsen_133.jpg.ashx,Member of Parliament for the Social Democratic Party in Zealand greater constituency from November 13th 2007.+++Member of Parliament for the Social Democratic Party in Roskilde County constituency  from November 20th 2001 to November 13th 2007.+++Member of Parliament for the Social Democratic Party in Copenhagen County constituency  from October 1st 2000 to November 20th 2001.+++Temporary Member of Parliament for the Social Democratic Party in Copenhagen County constituency  from June 16th 1999 to June 22nd 1999.+++Temporary Member of Parliament for the Social Democratic Party in Copenhagen County constituency  from January 19th 1999 to March 21st 1999.+++Candidate for the Social Democratic Party in Køge nomination district  from 1999.+++Candidate for the Social Democratic Party in Gentofte nomination district  from 1996 to 1999.,2015
sjajo,Jan,Johansen,The Social Democratic Party,F9E65D32-6F2F-4762-A7D5-56DCD0FC9BAF,http://www.thedanishparliament.dk/Members/sjajo.aspx,Jan Johansen,Funen,jan.johansen@ft.dk,http://www.janifolketinget.dk,http://www.thedanishparliament.dk/Members/~/media/CV/Foto/2015/S/Jan%20Johansen/Jan_Johansen_133.jpg.ashx,Member of Parliament for the Social Democratic Party in Funen greater constituency from September 15th 2011.+++Candidate for the Social Democratic Party in Nyborg nomination district  from 2010.,2015
sjejo,Jens,Joel,The Social Democratic Party,F9E65D32-6F2F-4762-A7D5-56DCD0FC9BAF,http://www.thedanishparliament.dk/Members/sjejo.aspx,Jens Joel,East Jutland,jens.joel@ft.dk,http://www.jensjoel.dk,http://www.thedanishparliament.dk/Members/~/media/CV/Foto/20111/S/Jens_Joel/Jens_Joelx133.jpg.ashx,Member of Parliament for the Social Democratic Party in East Jutland greater constituency from September 15th 2011.+++Candidate for the Social Democratic Party in Århus East nomination district  from 2009.,2015
sjepe,Jesper,Petersen,The Social Democratic Party,F9E65D32-6F2F-4762-A7D5-56DCD0FC9BAF,http://www.thedanishparliament.dk/Members/sjepe.aspx,Jesper Petersen,South Jutland,jesper.petersen@ft.dk,"",http://www.thedanishparliament.dk/Members/~/media/CV/Foto/2015/S/Jesper%20Petersen/Jesper_Petersen_133.jpg.ashx,Member of Parliament for the Social Democratic Party in South Jutland greater constituency from March 21st 2013.+++Member of Parliament for the Socialist People’s Party in South Jutland greater constituency  from November 13th 2007 to March 20th 2013.+++Candidate for the Social Democratic Party in Haderslev nomination district  from 2014.+++Candidate for the Socialist People’s Party in Sønderborg nomination district  from 2007 to 2013.+++Candidate for the Socialist People’s Party in Aabenraa nomination district  from 2004 to 2006.+++Candidate for the Socialist People’s Party in Rødding nomination district  from 2001 to 2004.,2015
sjuls,Julie,Skovsby,The Social Democratic Party,F9E65D32-6F2F-4762-A7D5-56DCD0FC9BAF,http://www.thedanishparliament.dk/Members/sjuls.aspx,Julie Skovsby,Funen,julie.skovsby@ft.dk,http://www.julieskovsby.dk,http://www.thedanishparliament.dk/Members/~/media/CV/Foto/2015/S/Julie%20Skovsby/Julie_Skovsby_133.jpg.ashx,Member of Parliament for the Social Democratic Party in Funen greater constituency from November 13th 2007.+++Candidate for the Social Democratic Party in Assens nomination district  from 2007.+++Candidate for the Social Democratic Party in Otterup nomination district  from 2006 to 2007.,2015
skady,Kaare,Dybvad,The Social Democratic Party,F9E65D32-6F2F-4762-A7D5-56DCD0FC9BAF,http://www.thedanishparliament.dk/Members/skady.aspx,Kaare Dybvad,Zealand,kaare.dybvad@ft.dk,http://www.kaaredybvad.dk,http://www.thedanishparliament.dk/Members/~/media/CV/Foto/2015/S/Kaare%20Dybvad/Kaare_Dybvad_133.jpg.ashx,Member of Parliament for the Social Democratic Party in Zealand greater constituency from June 18th 2015.+++Candidate for the Social Democratic Party in Holbæk nomination district  from 2010.,2015
skaga,Karin,Gaardsted,The Social Democratic Party,F9E65D32-6F2F-4762-A7D5-56DCD0FC9BAF,http://www.thedanishparliament.dk/Members/skaga.aspx,Karin Gaardsted,Western Jutland,karin.gaardsted@ft.dk,http://karin-gaardsted.dk,http://www.thedanishparliament.dk/Members/~/media/CV/Foto/2015/S/Karin%20Gaardsted/Karin_Gaardsted_133.jpg.ashx,Member of Parliament for the Social Democratic Party in Western Jutland greater constituency from September 15th 2011.+++Candidate for the Social Democratic Party in Viborg West nomination district  from 2010.,2015
skakl,Karen J.,Klint,The Social Democratic Party,F9E65D32-6F2F-4762-A7D5-56DCD0FC9BAF,http://www.thedanishparliament.dk/Members/skakl.aspx,Karen J. Klint,South Jutland,karen.klint@ft.dk,"",http://www.thedanishparliament.dk/Members/~/media/CV/Foto/2015/S/Karen%20Klint/Karen_J_Klint_133.jpg.ashx,Member of Parliament for the Social Democratic Party in South Jutland greater constituency from November 13th 2007.+++Member of Parliament for the Social Democratic Party in Vejle County constituency  from March 11th 1998 to November 13th 2007.+++Candidate for the Social Democratic Party in Vejle South nomination district  from 2007.+++Candidate for the Social Democratic Party in Vejle nomination district  from 1998 to 2006.,2015
skibr,Kirsten,Brosbøl,The Social Democratic Party,F9E65D32-6F2F-4762-A7D5-56DCD0FC9BAF,http://www.thedanishparliament.dk/Members/skibr.aspx,Kirsten Brosbøl,East Jutland,kirsten.brosbol@ft.dk,http://www.kirstenbrosb%C3%B8l.dk,http://www.thedanishparliament.dk/Members/~/media/CV/Foto/2015/S/Kirsten%20Brosbol/Kirsten_Brosbol_133.jpg.ashx,Member of Parliament for the Social Democratic Party in East Jutland greater constituency from November 13th 2007.+++Member of Parliament for the Social Democratic Party in Århus County constituency  from February 8th 2005 to November 13th 2007.+++Candidate for the Social Democratic Party in Skanderborg nomination district  from 2004.,2015
slaar,Lars Aslan,Rasmussen,The Social Democratic Party,F9E65D32-6F2F-4762-A7D5-56DCD0FC9BAF,http://www.thedanishparliament.dk/Members/slaar.aspx,Lars Aslan Rasmussen,Copenhagen,lars.aslan.rasmussen@ft.dk,http://www.stemlars.dk,http://www.thedanishparliament.dk/Members/~/media/CV/Foto/2015/S/Lars%20Aslan%20Rasmussen/Lars_Aslan_Rasmussen_133.jpg.ashx,Member of Parliament for the Social Democratic Party in Copenhagen greater constituency from April 4th 2016.+++Candidate for the Social Democratic Party in Nørrebro nomination district  from 2016.,2015
sleda,Lennart,Damsbo-Andersen,The Social Democratic Party,F9E65D32-6F2F-4762-A7D5-56DCD0FC9BAF,http://www.thedanishparliament.dk/Members/sleda.aspx,Lennart Damsbo-Andersen,Zealand,lennart.damsbo-andersen@ft.dk,http://www.damsbo-andersen.dk,http://www.thedanishparliament.dk/Members/~/media/CV/Foto/2015/S/Lennart%20Damsbo-Andersen/Lennart_Damsbo-Andersen_133.jpg.ashx,Member of Parliament for the Social Democratic Party in Zealand greater constituency from November 13th 2007.+++Candidate for the Social Democratic Party in Guldborgsund nomination district  from 2006.,2015
slelj,Leif Lahn,Jensen,The Social Democratic Party,F9E65D32-6F2F-4762-A7D5-56DCD0FC9BAF,http://www.thedanishparliament.dk/Members/slelj.aspx,Leif Lahn Jensen,East Jutland,leif.jensen@ft.dk,http://www.leiflahn.dk,http://www.thedanishparliament.dk/Members/~/media/CV/Foto/2015/S/Leif%20Lahn%20Jensen/Leif_Lahn_Jensen_133.jpg.ashx,Member of Parliament for the Social Democratic Party in East Jutland greater constituency from November 13th 2007.+++Candidate for the Social Democratic Party in Djurs nomination district  from 2007.,2015
slewe,Lea,Wermelin,The Social Democratic Party,F9E65D32-6F2F-4762-A7D5-56DCD0FC9BAF,http://www.thedanishparliament.dk/Members/slewe.aspx,Lea Wermelin,Bornholm,lea.wermelin@ft.dk,http://www.leawermelin.dk,http://www.thedanishparliament.dk/Members/~/media/CV/Foto/2015/S/Lea%20Wermelin/Lea_Wermelin_133.jpg.ashx,Member of Parliament for the Social Democratic Party in Bornholm greater constituency from June 18th 2015.+++Candidate for the Social Democratic Party in Rønne nomination district  from 2014.+++Candidate for the Social Democratic Party in Aakirkeby nomination district  from 2014.,2015
smahe,Magnus,Heunicke,The Social Democratic Party,F9E65D32-6F2F-4762-A7D5-56DCD0FC9BAF,http://www.thedanishparliament.dk/Members/smahe.aspx,Magnus Heunicke,Zealand,magnus.heunicke@ft.dk,"",http://www.thedanishparliament.dk/Members/~/media/CV/Foto/2015/S/Magnus%20Heunicke/Magnus_Heunicke_133.jpg.ashx,Member of Parliament for the Social Democratic Party in Zealand greater constituency from November 13th 2007.+++Member of Parliament for the Social Democratic Party in Storstrøm County constituency  from February 8th 2005 to November 13th 2007.+++Candidate for the Social Democratic Party in Næstved nomination district  from 2004.,2015
smala,Malte,Larsen,The Social Democratic Party,F9E65D32-6F2F-4762-A7D5-56DCD0FC9BAF,http://www.thedanishparliament.dk/Members/smala.aspx,Malte Larsen,East Jutland,malte.larsen@ft.dk,"",http://www.thedanishparliament.dk/Members/~/media/CV/Foto/2015/S/Malte%20Larsen/Malte_Larsen_133.jpg.ashx,Temporary Member of Parliament for the Social Democratic Party in East Jutland greater constituency  from March 19th 2016 (substitute for Maja Panduro).+++Temporary Member of Parliament for the Social Democratic Party in East Jutland greater constituency  from November 12th 2015 to March 18th 2016 (substitute for Kirsten Brosbøl).,2015
smapa,Maja,Panduro,The Social Democratic Party,F9E65D32-6F2F-4762-A7D5-56DCD0FC9BAF,http://www.thedanishparliament.dk/Members/smapa.aspx,Maja Panduro,East Jutland,maja.panduro@ft.dk,http://www.majapanduro.dk,http://www.thedanishparliament.dk/Members/~/media/CV/Foto/2015/S/Maja%20Panduro/Maja_Panduro_133.jpg.ashx,Member of Parliament for the Social Democratic Party in East Jutland greater constituency from August 5th 2009.+++Candidate for the Social Democratic Party in Randers South nomination district  from 2007.,2015
smate,Mattias,Tesfaye,The Social Democratic Party,F9E65D32-6F2F-4762-A7D5-56DCD0FC9BAF,http://www.thedanishparliament.dk/Members/smate.aspx,Mattias Tesfaye,Greater Copenhagen,mattias.tesfaye@ft.dk,http://www.tesfaye.dk,http://www.thedanishparliament.dk/Members/~/media/CV/Foto/2015/S/Mattias%20Tesfaye/Mattias_Tesfaye_133.jpg.ashx,Member of Parliament for the Social Democratic Party in Greater Copenhagen greater constituency from June 18th 2015.+++Candidate for the Social Democratic Party in Brøndby nomination district  from 2014.,2015
smefr,Mette,Frederiksen,The Social Democratic Party,F9E65D32-6F2F-4762-A7D5-56DCD0FC9BAF,http://www.thedanishparliament.dk/Members/smefr.aspx,Mette Frederiksen,Greater Copenhagen,"",http://www.socialdemokraterne.dk/da/kontakt/,http://www.thedanishparliament.dk/Members/~/media/CV/Foto/2015/S/Mette%20Frederiksen/Mette_Frederiksen_133.jpg.ashx,Member of Parliament for the Social Democratic Party in Greater Copenhagen greater constituency from November 13th 2007.+++Member of Parliament for the Social Democratic Party in Copenhagen County constituency  from November 20th 2001 to November 13th 2007.+++Candidate for the Social Democratic Party in Ballerup nomination district  from 2000.,2015
smegj,Mette,Gjerskov,The Social Democratic Party,F9E65D32-6F2F-4762-A7D5-56DCD0FC9BAF,http://www.thedanishparliament.dk/Members/smegj.aspx,Mette Gjerskov,Zealand,mette.gjerskov@ft.dk,http://www.gjerskov.dk,http://www.thedanishparliament.dk/Members/~/media/CV/Foto/2015/S/Mette%20Gjerskov/Mette_Gjerskov_133.jpg.ashx,Member of Parliament for the Social Democratic Party in Zealand greater constituency from November 13th 2007.+++Member of Parliament for the Social Democratic Party in Roskilde County constituency  from February 8th 2005 to November 13th 2007.+++Candidate for the Social Democratic Party in Roskilde nomination district  from 2002.,2015
smere,Mette,Reissmann,The Social Democratic Party,F9E65D32-6F2F-4762-A7D5-56DCD0FC9BAF,http://www.thedanishparliament.dk/Members/smere.aspx,Mette Reissmann,Copenhagen,mette.reissmann@ft.dk,http://www.mettereissmann.dk,http://www.thedanishparliament.dk/Members/~/media/CV/Foto/2015/S/Mette%20Reissmann/Mette_Reissmann_133.jpg.ashx,Member of Parliament for the Social Democratic Party in Copenhagen greater constituency from September 15th 2011.+++Candidate for the Social Democratic Party in Valby nomination district  from 2003.,2015
smoje,Mogens,Jensen,The Social Democratic Party,F9E65D32-6F2F-4762-A7D5-56DCD0FC9BAF,http://www.thedanishparliament.dk/Members/smoje.aspx,Mogens Jensen,Western Jutland,mogens.jensen@ft.dk,https://da-dk.facebook.com/mogensjensenhttps://twitter.com/mogensjensens,http://www.thedanishparliament.dk/Members/~/media/CV/Foto/2015/S/Mogen%20Jensen/Mogens_Jensen_133.jpg.ashx,Member of Parliament for the Social Democratic Party in Western Jutland greater constituency from November 13th 2007.+++Member of Parliament for the Social Democratic Party in Ringkøbing County constituency  from February 8th 2005 to November 13th 2007.+++Candidate for the Social Democratic Party in Herning South nomination district  from 2007.+++Candidate for the Social Democratic Party in Herning nomination district  from 2003 to 2006.,2015
smoly,Mogens,Lykketoft,The Social Democratic Party,F9E65D32-6F2F-4762-A7D5-56DCD0FC9BAF,http://www.thedanishparliament.dk/Members/smoly.aspx,Mogens Lykketoft,Greater Copenhagen,mogens.lykketoft@ft.dk,http://www.lykketoft.dk,http://www.thedanishparliament.dk/Members/~/media/CV/Foto/20111/S/Mogens_Lykketoft/Mogens_Lykketoft_133.jpg.ashx,Member of Parliament for the Social Democratic Party in Greater Copenhagen greater constituency from November 13th 2007.+++Member of Parliament for the Social Democratic Party in Copenhagen County constituency  from December 8th 1981 to November 13th 2007.+++Candidate for the Social Democratic Party in Taastrup nomination district  from 2007.+++Candidate for the Social Democratic Party in Glostrup nomination district  from 1989 to 2006.+++Candidate for the Social Democratic Party in Amager nomination district  from 1980 to 1989.,2015
smorb,Morten,Bødskov,The Social Democratic Party,F9E65D32-6F2F-4762-A7D5-56DCD0FC9BAF,http://www.thedanishparliament.dk/Members/smorb.aspx,Morten Bødskov,Greater Copenhagen,morten.bodskov@ft.dk,"",http://www.thedanishparliament.dk/Members/~/media/CV/Foto/20111/S/Morten_Boedskov/Morten_Boedskovx133.jpg.ashx,Member of Parliament for the Social Democratic Party in Greater Copenhagen greater constituency from November 13th 2007.+++Member of Parliament for the Social Democratic Party in Copenhagen County constituency  from November 20th 2001 to November 13th 2007.+++Candidate for the Social Democratic Party in Rødovre nomination district  from 1999.,2015
snich,Nick,Hækkerup,The Social Democratic Party,F9E65D32-6F2F-4762-A7D5-56DCD0FC9BAF,http://www.thedanishparliament.dk/Members/snich.aspx,Nick Hækkerup,North Zealand,nick.haekkerup@ft.dk,http://www.nickhaekkerup.dk,http://www.thedanishparliament.dk/Members/~/media/CV/Foto/2015/S/Nick%20Haekkerup/Nick_Haekkerup_133.jpg.ashx,Member of Parliament for the Social Democratic Party in North Zealand greater constituency from November 13th 2007.+++Candidate for the Social Democratic Party in Egedal nomination district  from 2007.,2015
sniwa,Nicolai,Wammen,The Social Democratic Party,F9E65D32-6F2F-4762-A7D5-56DCD0FC9BAF,http://www.thedanishparliament.dk/Members/sniwa.aspx,Nicolai Wammen,East Jutland,nicolai.wammen@ft.dk,"",http://www.thedanishparliament.dk/Members/~/media/CV/Foto/20111/S/Nicolai_Wammen/Nicolai_Wammenx133.jpg.ashx,Member of Parliament for the Social Democratic Party in East Jutland greater constituency from September 15th 2011.+++Member of Parliament for the Social Democratic Party in Århus County constituency  from November 20th 2001 to February 8th 2005.+++Candidate for the Social Democratic Party in Århus South nomination district  from 2010.+++Candidate for the Social Democratic Party in Skanderborg nomination district  from 1997 to 2004.,2015
sorha,Orla,Hav,The Social Democratic Party,F9E65D32-6F2F-4762-A7D5-56DCD0FC9BAF,http://www.thedanishparliament.dk/Members/sorha.aspx,Orla Hav,North Jutland,orla.hav@ft.dk,http://www.orlahav.dk,http://www.thedanishparliament.dk/Members/~/media/CV/Foto/2015/S/Orla%20Hav/Orla_Hav_133.jpg.ashx,Member of Parliament for the Social Democratic Party in North Jutland greater constituency from November 13th 2007.+++Candidate for the Social Democratic Party in Aalborg North nomination district  from 2007.,2015
speht,Peter Hummelgaard,Thomsen,The Social Democratic Party,F9E65D32-6F2F-4762-A7D5-56DCD0FC9BAF,http://www.thedanishparliament.dk/Members/speht.aspx,Peter Hummelgaard Thomsen,Copenhagen,peter.hummelgaard@ft.dk,http://peterhummelgaard.dkhttp://politiken.dk/debat/profiler/hummelgaard/,http://www.thedanishparliament.dk/Members/~/media/CV/Foto/2015/S/Peter%20Hummelgaard%20Thomsen/Peter_Hummelgaard_Thomsen_133.jpg.ashx,Member of Parliament for the Social Democratic Party in Copenhagen greater constituency from June 18th 2015.+++Candidate for the Social Democratic Party in Tårnby nomination district  from 2014.+++Candidate for the Social Democratic Party in Sundbyøster nomination district  from 2012 to 2014.,2015
spert,Pernille,Rosenkrantz-Theil,The Social Democratic Party,F9E65D32-6F2F-4762-A7D5-56DCD0FC9BAF,http://www.thedanishparliament.dk/Members/spert.aspx,Pernille Rosenkrantz-Theil,Zealand,spert@ft.dk,"",http://www.thedanishparliament.dk/Members/~/media/CV/Foto/20111/S/Pernille_Rosenkrantz_Theil/Pernille_Rosenkrantz_Theilx133.jpg.ashx,Member of Parliament for the Social Democratic Party in Zealand greater constituency from June 18th 2015.+++Member of Parliament for the Social Democratic Party in Funen greater constituency  from September 15th 2011 to June 18th 2015.+++Member of Parliament for The Red-Green Alliance in Eastern Copenhagen constituency  from February 8th 2005 to November 13th 2007.+++Member of Parliament for The Red-Green Alliance in Funen County constituency  from November 20th 2001 to February 8th 2005.+++Temporary Member of Parliament for The Red-Green Alliance in Eastern Copenhagen constituency  from April 20th 1999 to July 31st 1999.+++Candidate for the Social Democratic Party in Vordingborg nomination district  from 2013.+++Candidate for the Social Democratic Party in Odense East nomination district  from 2009 to 2013.+++Candidate for The Red-Green Alliance in Brønshøj nomination district  from 2003 to 2006.+++Candidate for The Red-Green Alliance in Odense East nomination district  from 2001 to 2003.+++Candidate for The Red-Green Alliance in Otterup nomination district  from 2001 to 2003.+++Candidate for The Red-Green Alliance in Nørrebro nomination district  from 1996 to 2001.,2015
srahl,Rasmus Horn,Langhoff,The Social Democratic Party,F9E65D32-6F2F-4762-A7D5-56DCD0FC9BAF,http://www.thedanishparliament.dk/Members/srahl.aspx,Rasmus Horn Langhoff,Zealand,rasmus.langhoff@ft.dk,http://www.rasmuslanghoff.dk,http://www.thedanishparliament.dk/Members/~/media/CV/Foto/20111/S/Rasmus_Horn_Langhoff/Rasmus_Horn_Langhoff_133.jpg.ashx,Member of Parliament for the Social Democratic Party in Zealand greater constituency from September 15th 2011.+++Candidate for the Social Democratic Party in Kalundborg nomination district  from 2006.,2015
srapr,Rasmus,Prehn,The Social Democratic Party,F9E65D32-6F2F-4762-A7D5-56DCD0FC9BAF,http://www.thedanishparliament.dk/Members/srapr.aspx,Rasmus Prehn,North Jutland,rasmus.prehn@ft.dk,http://www.rasmusprehn.dk,http://www.thedanishparliament.dk/Members/~/media/CV/Foto/2015/S/Rasmus%20Prehn/Rasmus_Prehn_133.jpg.ashx,Member of Parliament for the Social Democratic Party in North Jutland greater constituency from November 13th 2007.+++Member of Parliament for the Social Democratic Party in North Jutland County constituency  from February 8th 2005 to November 13th 2007.+++Candidate for the Social Democratic Party in Aalborg West nomination district  from 2003.,2015
ssiko,Simon,Kollerup,The Social Democratic Party,F9E65D32-6F2F-4762-A7D5-56DCD0FC9BAF,http://www.thedanishparliament.dk/Members/ssiko.aspx,Simon Kollerup,North Jutland,simon.kollerup@ft.dk,http://www.simonkollerup.dk,http://www.thedanishparliament.dk/Members/~/media/CV/Foto/2015/S/Simon%20Kollerup/Simon_Kollerup_133.jpg.ashx,Member of Parliament for the Social Democratic Party in North Jutland greater constituency from September 15th 2011.+++Candidate for the Social Democratic Party in Thisted nomination district  from 2010.,2015
sthje,Thomas,Jensen,The Social Democratic Party,F9E65D32-6F2F-4762-A7D5-56DCD0FC9BAF,http://www.thedanishparliament.dk/Members/sthje.aspx,Thomas Jensen,Western Jutland,thomas.jensen@ft.dk,http://www.thomasjensen.nu,http://www.thedanishparliament.dk/Members/~/media/CV/Foto/2015/S/Thomas%20Jensen/Thomas_Jensen_133.jpg.ashx,Member of Parliament for the Social Democratic Party in Western Jutland greater constituency from November 13th 2007.+++Candidate for the Social Democratic Party in Silkeborg South nomination district  from 2007.+++Candidate for the Social Democratic Party in Silkeborg nomination district  from 2005 to 2007.,2015
strbr,Trine,Bramsen,The Social Democratic Party,F9E65D32-6F2F-4762-A7D5-56DCD0FC9BAF,http://www.thedanishparliament.dk/Members/strbr.aspx,Trine Bramsen,Funen,trine.bramsen@ft.dk,http://www.trinebramsen.dk,http://www.thedanishparliament.dk/Members/~/media/CV/Foto/2015/S/Trine%20Bramsen/Trine_Bramsen_133.jpg.ashx,Member of Parliament for the Social Democratic Party in Funen greater constituency from September 15th 2011.+++Candidate for the Social Democratic Party in Odense West nomination district  from 2009.,2015
strra,Troels,Ravn,The Social Democratic Party,F9E65D32-6F2F-4762-A7D5-56DCD0FC9BAF,http://www.thedanishparliament.dk/Members/strra.aspx,Troels Ravn,South Jutland,Troels.Ravn@ft.dk,"",http://www.thedanishparliament.dk/Members/~/media/CV/Foto/20111/S/Troels_Ravn/Troels_Ravnx133.jpg.ashx,Member of Parliament for the Social Democratic Party in South Jutland greater constituency from January 12th 2016.+++Member of Parliament for the Social Democratic Party in South Jutland greater constituency  from September 15th 2011 to June 18th 2015.+++Member of Parliament for the Social Democratic Party in Ribe County constituency  from February 8th 2005 to November 13th 2007.+++Temporary Member of Parliament for the Social Democratic Party in South Jutland greater constituency  from October 29th 2008 to November 20th 2008 (substitute for Lise von Seelen).+++Candidate for the Social Democratic Party in Vejen nomination district  from 2007.+++Candidate for the Social Democratic Party in Grindsted nomination district  from 2003 to 2007.,2015
syiak,Yildiz,Akdogan,The Social Democratic Party,F9E65D32-6F2F-4762-A7D5-56DCD0FC9BAF,http://www.thedanishparliament.dk/Members/syiak.aspx,Yildiz Akdogan,Copenhagen,yildiz.akdogan@ft.dk,http://www.socialdemokraterne.dk/da/politikere/folketingsmedlem/yildiz-akdogan/,http://www.thedanishparliament.dk/Members/~/media/CV/Foto/2015/S/Yildiz%20Akdogan/Yildiz_Akdogan_133.jpg.ashx,Member of Parliament for the Social Democratic Party in Copenhagen greater constituency from October 21st 2014.+++Member of Parliament for the Social Democratic Party in Copenhagen greater constituency  from November 13th 2007 to September 15th 2011.+++Candidate for the Social Democratic Party in Brønshøj nomination district  from 2007.+++Candidate for the Social Democratic Party in Husum nomination district  from 2004 to 2006.,2015
